ExperienceYears,WorkHoursPerWeek,SkillScore,ProjectsHandled,TrainingHours,PerformanceScore
6,49,5,13,19,65.38816330613821
19,57,5,10,0,79.94274309158651
14,40,6,4,71,85.08243655181313
10,33,7,5,86,94.61164943358544
7,44,1,5,62,45.695156744362016
6,35,9,14,66,100.0
18,51,3,4,3,57.170109796091026
10,46,4,9,57,67.65777563621933
10,59,10,6,24,80.85938259447263
3,53,1,9,46,31.445444087225734
7,35,10,7,37,88.91910466152207
2,48,3,6,14,30.157325457686337
1,59,2,4,62,15.190159013728953
11,54,2,0,20,20.31963006924982
5,31,1,12,98,80.75824007741991
1,44,8,4,56,66.68921180444137
0,40,3,9,52,51.441470430514315
11,37,3,1,45,48.541912150905496
11,55,6,12,13,69.96726593858101
16,48,8,4,99,93.45908604345477
9,42,9,4,75,78.56087580374823
15,41,9,1,16,76.57433453241819
14,34,4,4,38,79.82026947931092
14,35,5,12,8,91.48320397710788
18,55,2,3,98,62.74357930400152
11,51,9,0,76,65.06758955095755
19,33,8,2,78,100.0
2,48,3,0,81,36.388033665323555
4,49,9,11,96,99.15510778279939
18,30,3,10,5,100.0
6,49,9,14,90,100.0
8,46,2,4,22,40.24258557074778
6,41,10,3,58,87.90966938365767
17,44,9,6,90,100.0
3,30,8,4,97,79.6381126920747
13,55,9,9,45,95.94481677617199
17,43,5,13,37,100.0
8,35,2,3,13,40.612350895222704
1,34,8,1,99,72.28947458239345
19,59,6,3,71,75.03140439858686
14,40,8,11,61,100.0
6,33,5,1,34,56.978647680786544
11,42,10,7,18,91.065714329699
7,40,2,2,29,35.58648102638358
14,32,6,8,77,100.0
2,30,5,12,83,100.0
13,35,5,3,24,80.43217794486604
16,47,1,12,39,75.96488341363866
3,53,2,5,87,39.60004913372804
17,39,8,9,13,100.0
7,34,3,4,25,48.645819816332526
3,52,10,9,86,91.34849926356291
1,39,3,12,21,62.04171474743073
5,41,8,0,47,65.63930718038372
9,31,8,8,82,100.0
3,42,2,0,50,19.302971080997416
17,37,8,7,2,98.50691105552353
11,31,1,8,41,70.08863831160818
1,49,6,8,18,56.21431976866904
9,30,8,0,72,84.98771887906136
3,34,3,1,27,34.64293384944858
13,38,8,11,83,100.0
15,46,1,12,44,75.30522238137226
14,38,9,0,70,97.72508214993894
7,40,9,9,77,100.0
13,44,5,1,62,60.48458293223719
7,53,10,9,72,94.64804515035915
15,35,4,11,18,92.59242659669266
12,52,6,7,46,64.34503322162664
17,32,7,4,13,91.52173969188915
14,59,5,11,37,73.89630877296997
12,46,10,10,52,100.0
8,34,9,6,60,100.0
14,59,3,1,35,30.07160201694002
12,57,7,7,39,73.07809309762268
0,41,10,10,80,94.26071500078135
6,47,10,5,29,76.33847502823392
8,43,5,7,8,62.658931455229336
0,50,7,0,63,31.062128080544994
11,53,2,14,32,68.35830445867391
7,40,4,0,51,55.64473744856603
10,38,2,11,88,74.81618327060637
18,31,7,6,13,100.0
16,41,2,7,74,82.4161966241191
7,32,1,12,52,74.90809623976799
2,32,9,2,98,86.03983476058016
2,30,1,4,58,30.72166994453692
0,37,8,11,77,94.39124687314975
4,51,2,0,93,21.79155896883201
9,57,8,6,40,68.54938642291573
6,58,3,4,67,34.25282634545255
8,37,6,7,67,94.79166514580817
6,40,3,12,91,83.93347661882937
8,38,7,7,7,74.83688085368608
7,34,10,8,1,86.65153620373223
11,43,9,6,85,99.60573450924949
1,57,2,10,40,37.11614439173411
0,59,5,0,54,16.39724054090388
15,32,6,12,15,100.0
4,50,4,2,92,39.53706668076841
2,34,4,7,61,65.87570717727661
11,34,4,2,47,67.19693969654578
7,48,2,7,29,49.60605057660559
2,56,4,0,11,5.22500053394821
0,43,1,4,34,23.429887792088085
2,55,6,3,10,29.391480227910666
4,59,1,4,63,18.138828976833597
14,33,10,7,49,100.0
13,54,6,9,84,87.83828126812473
2,42,1,14,20,55.64384052895787
0,39,6,13,68,78.31264403902094
4,54,10,3,47,58.65094296416771
13,47,8,10,19,100.0
6,37,2,3,66,46.097137662595806
8,37,2,14,43,81.13007199008948
14,36,4,2,32,69.67333156021593
14,37,3,6,72,80.7172153618041
9,43,4,2,60,55.732613154860196
12,48,7,11,8,90.07288839621877
18,58,1,2,67,31.816681195515
6,35,6,10,34,81.35024922419733
16,30,3,9,80,100.0
19,52,10,4,97,100.0
3,44,7,4,87,66.73047779827887
4,30,10,13,95,100.0
6,54,2,5,64,31.709569751947484
12,46,2,7,7,54.81930601726537
14,30,4,9,44,92.71113208804056
10,44,1,5,86,53.16399977104832
3,52,3,14,46,63.275150968861595
12,31,9,11,39,100.0
6,43,7,0,75,69.00183755754041
18,50,7,14,53,100.0
1,37,4,7,75,62.20968184736786
9,37,2,7,45,52.47651493251864
12,48,4,8,46,67.08729444797481
5,36,6,8,14,77.02344023182548
11,48,3,1,18,26.019164101670608
11,35,1,14,25,84.63100043594571
19,35,8,1,51,94.83151951883808
10,32,5,2,92,79.83582220110097
6,36,5,0,21,48.487622067425555
0,48,4,3,20,27.20710749745463
0,37,6,13,50,77.67524674184587
19,39,3,3,37,68.57725426732489
12,49,9,13,19,95.49221911374592
8,44,5,8,28,69.0589816579404
2,44,3,8,50,57.51027577007963
6,58,1,8,3,14.477795566617688
5,30,10,9,54,100.0
7,49,6,6,70,66.09112362058534
8,59,2,13,91,65.06670711856778
4,36,3,14,27,78.79588150717214
0,56,1,1,3,0.0
18,33,9,9,21,100.0
9,58,8,4,75,72.5156535303487
11,35,2,3,44,58.10997783531652
14,54,8,11,66,100.0
8,30,9,10,85,100.0
19,58,1,7,65,63.915761054599294
16,34,5,1,87,80.11845304384867
16,56,8,5,33,73.6365285890696
19,52,2,12,90,93.73050493434663
11,30,4,4,54,66.67482015376545
6,59,7,14,0,70.46089754818243
1,33,3,11,71,69.61720823868744
2,51,5,1,86,31.171226346735224
16,31,8,10,37,100.0
4,39,10,9,5,86.45511953852325
16,34,3,14,85,100.0
16,56,4,0,24,37.53521004371094
16,39,9,7,81,100.0
1,30,7,1,16,53.51589613778258
1,51,1,6,60,32.55192351084985
4,35,4,8,11,56.17754195609976
0,42,4,8,5,42.75595205947316
0,44,9,7,89,81.64241801668497
18,33,6,10,26,100.0
1,42,9,13,7,90.16512073572619
11,53,6,11,82,77.36218137354868
5,49,6,9,64,82.9120276939497
3,53,5,8,56,57.48887303497581
10,44,5,1,92,61.53234085482492
16,58,2,5,98,55.83839163211327
5,37,8,3,39,65.46789694275722
4,34,8,13,13,98.82807737084867
19,58,1,3,34,45.77490834396177
1,44,8,4,47,58.587369359350504
5,33,5,11,83,97.1349520648925
10,41,2,2,55,41.46369976619439
15,42,2,13,48,81.18094575006582
15,31,6,0,12,80.46670602622775
0,56,9,7,60,64.95554306769272
8,48,1,4,48,41.584241009066645
5,48,6,2,45,42.73030145806153
15,33,9,9,61,100.0
2,33,8,13,7,89.60695340271229
19,55,6,6,42,75.27970579230495
3,40,3,6,19,46.32682605114225
18,56,8,0,96,75.44436971536777
2,34,9,11,89,99.94165070966355
18,49,1,8,38,64.31007706127616
19,40,9,14,84,100.0
6,59,6,1,48,26.602680342623053
19,39,6,4,63,94.26628616930638
8,37,4,12,61,78.45389978494896
0,35,1,13,53,63.476396981477116
7,35,10,4,8,75.62333136873602
6,37,8,13,87,100.0
17,52,2,7,36,58.73101674929603
7,44,1,13,48,64.32297251648242
0,55,2,7,40,26.457375318409703
10,43,1,13,16,65.06007849507927
17,40,1,6,87,69.10343689441129
9,41,9,6,20,87.56530590463302
2,55,1,11,50,41.80069253239873
6,42,4,10,58,65.5711893577223
15,37,10,5,38,100.0
15,59,6,5,54,65.4277998644549
19,47,7,10,40,100.0
16,54,2,8,38,58.57538104112945
1,30,6,5,12,59.060611139635114
0,44,7,11,63,79.80907765120845
15,37,10,12,10,100.0
11,57,10,12,18,98.28686567630412
4,40,2,1,10,28.705663657656252
4,41,2,1,76,43.370674967444344
8,41,10,12,45,99.28316337931321
8,33,7,4,44,77.8854917144239
2,45,1,14,0,36.174497128232055
18,33,8,3,39,87.62468155113588
15,34,3,10,18,85.32046523803739
15,53,6,1,75,63.004241035748194
2,34,9,14,71,100.0
19,37,6,14,71,100.0
0,39,9,2,60,70.2394797905396
19,46,7,6,11,87.4696021265289
10,57,9,7,60,95.61677808659545
16,55,2,11,32,67.93204927492607
7,38,8,12,44,100.0
3,51,8,5,89,56.135810997378755
5,48,2,10,91,66.94869764775312
7,58,4,4,68,40.6961975510222
19,43,7,12,7,97.65826370286365
2,37,4,0,24,33.9027255461406
15,38,4,7,90,89.48522231007841
2,51,6,2,45,40.90026624224071
17,40,10,14,86,100.0
13,52,6,5,29,57.35424941619202
17,30,10,2,46,100.0
1,43,3,6,86,49.232397421103585
2,34,9,12,48,100.0
15,50,10,13,46,100.0
8,55,2,6,83,43.2479555373429
3,43,6,11,81,82.33527020344476
0,33,7,14,17,87.90930353189927
3,51,9,8,65,73.68607599254132
0,52,3,4,67,25.91847634522358
13,54,10,14,93,100.0
15,30,3,7,32,80.22677455104903
19,51,7,9,35,99.3815502999879
7,52,4,9,81,64.51322913046928
6,48,8,7,18,73.64532648023663
2,37,7,0,27,46.47285266173463
16,44,5,11,39,86.64241001138343
0,50,7,4,83,56.586374437782915
15,44,3,2,96,62.83188429483299
11,38,2,0,75,47.83316355618233
18,50,6,3,14,73.98786023742058
13,38,2,7,40,61.19564770139243
5,39,3,2,38,40.42371893732193
5,49,6,9,1,57.99740824982104
12,54,5,1,62,53.90462857718552
18,50,8,10,28,100.0
7,55,9,8,73,83.91919502124446
1,38,3,9,65,57.198126767098
0,32,10,4,50,82.3668625201298
14,49,3,13,74,94.47827948572281
0,54,3,6,76,34.0635503018015
4,55,6,10,9,53.46371942788486
15,40,1,10,13,69.54085128833995
18,35,7,1,81,95.39363510184806
3,31,1,8,50,47.311452880411004
2,36,5,12,72,84.59665400198742
16,47,10,8,38,99.86618795618118
16,56,8,3,27,72.27240323204224
11,31,4,3,2,56.41428637796716
13,56,5,5,83,66.78437402093172
5,46,4,9,69,66.75296953099618
2,40,4,9,26,68.46951672971785
8,56,8,9,1,70.91374980893463
4,41,2,5,92,57.22399404871168
16,56,1,11,37,70.75873909346963
13,48,3,0,2,35.84627958499722
2,51,9,13,15,81.42844900133599
0,53,4,13,93,59.26639445586891
19,54,10,8,39,100.0
0,36,5,1,1,28.58456135182069
2,49,2,4,80,30.99470574937807
17,35,4,8,40,100.0
9,50,2,3,11,29.773107545999952
2,53,2,10,34,33.42050211141945
7,30,4,2,64,69.67266727345653
13,46,6,14,54,100.0
17,58,7,6,44,82.83826746300198
14,40,10,5,78,98.56934898448802
1,51,3,7,89,54.543354788607424
9,55,3,2,84,38.007426289530564
1,57,10,4,61,63.08977386396378
16,47,6,9,48,100.0
7,50,3,3,94,57.57666374095308
0,46,2,14,24,45.91218937263656
8,36,8,12,22,93.17741331498864
10,46,5,3,23,59.75173299423964
15,49,1,3,37,43.11027905797
6,38,3,9,27,58.8955927934896
9,46,10,7,20,90.10609273469524
2,49,8,5,53,59.78560211270279
17,51,4,2,17,55.906620685243716
12,51,7,9,35,82.33490903909366
6,57,10,4,98,80.21193964164083
3,58,2,5,44,17.327336554318055
12,37,7,4,72,95.52231006566318
19,46,5,5,52,85.8881168536622
0,36,5,7,29,59.03148684701786
7,30,6,6,59,78.21165036494003
13,42,9,4,97,100.0
15,59,6,9,31,74.13141950316866
13,52,8,5,66,85.84024431214921
11,48,7,13,66,99.58587768126696
18,56,9,3,27,80.7044453234105
14,53,4,11,43,78.08563676059701
1,48,2,8,78,29.500345339982896
1,59,7,12,40,64.91224062327416
18,59,6,3,62,78.22670730861043
16,58,1,0,22,26.098901294959784
19,46,9,6,74,100.0
9,42,9,6,47,91.64980783076945
5,58,2,3,31,22.497402650866697
14,59,3,12,56,73.76233258095193
10,45,5,13,99,98.42936446784978
4,37,5,2,32,47.18925387088034
0,48,1,7,23,21.368451223165966
7,47,8,4,38,70.08888450505606
11,30,8,9,33,98.56438002470185
11,43,4,6,55,66.14063419572297
4,48,7,3,27,57.378049115054736
6,44,10,3,36,82.37097633288589
3,47,3,7,6,28.809264560991693
5,31,6,13,67,95.74293194368197
12,51,10,7,36,89.84689710236032
19,57,10,1,55,89.46294758557175
14,46,9,13,64,100.0
2,47,1,1,64,17.52595682541261
7,59,5,2,46,32.82910421710178
19,35,4,14,19,100.0
15,48,8,11,18,90.21545763015372
12,33,1,11,28,75.0627030774681
17,30,9,2,73,100.0
9,37,6,0,59,70.14899463138644
18,58,4,14,17,86.38826323176626
16,52,9,13,91,100.0
18,36,5,2,34,82.06693221664541
4,32,5,5,42,62.455855733457135
8,39,5,7,94,86.79664855619876
11,39,1,12,90,80.81461504557211
0,48,1,11,10,37.273332893843815
0,43,8,13,48,87.78040977563624
14,31,8,9,37,100.0
1,57,6,5,63,42.33551997291998
15,30,4,4,68,87.51431145810724
7,52,2,14,7,53.00287629142035
12,52,2,3,33,37.6134267037739
0,57,9,2,47,29.890824329252794
15,47,5,12,55,97.32792008270516
6,36,4,3,75,66.71437106474706
4,58,10,13,64,93.78315002299676
2,37,1,6,30,29.430692710113114
11,30,7,0,3,63.59106423645499
15,54,3,6,49,46.649039364218645
18,52,6,0,68,72.49462003432711
4,32,5,1,29,44.767433536452096
13,53,5,14,87,97.25645704893887
4,52,5,3,58,40.8313121383639
14,56,1,0,66,37.63863517829134
16,58,1,10,74,64.22640658982868
13,37,3,11,44,89.84446460053005
19,51,10,10,3,100.0
4,54,4,14,25,67.79705709980699
11,44,5,10,26,77.00438152748521
15,34,2,8,45,88.34807665252258
15,32,8,11,63,100.0
6,48,2,5,90,51.287367490006176
3,30,9,12,50,100.0
0,57,2,0,49,0.336252236100238
4,44,9,0,5,52.84707133450517
9,37,7,5,58,85.40701024923871
4,31,8,3,14,71.83214006845036
3,32,2,3,29,31.869210279473805
1,53,7,14,41,81.44515115639621
19,43,6,10,36,97.69676440886163
9,53,4,14,41,71.36356454887401
18,43,7,5,34,92.98948369083413
0,40,4,14,86,77.7663941261938
4,45,2,13,5,54.54130420281246
12,33,10,11,67,100.0
3,49,7,10,17,66.82162224759617
15,34,8,6,72,100.0
15,51,2,8,28,56.05070731117858
1,50,5,9,76,48.829620201176056
16,43,1,4,58,56.535958692591976
19,52,7,8,46,94.01313070100694
11,45,8,3,16,67.36385504834753
17,47,6,12,95,100.0
2,36,5,9,21,72.17367003658458
0,39,6,1,67,44.205692360278135
0,36,2,2,68,32.488976685385495
18,30,1,12,36,82.15262839390854
10,52,7,10,48,90.57427674349103
4,50,7,0,12,33.06725034132972
11,48,10,13,33,100.0
2,45,10,13,85,100.0
0,58,2,5,52,14.01847897641687
0,48,2,12,86,60.01622493693272
7,33,1,5,50,40.69337272029429
9,58,10,0,2,53.15493328785657
10,57,8,10,41,89.06121083259826
11,47,8,12,97,100.0
12,31,1,2,31,55.794408101491996
11,30,8,4,50,100.0
13,44,9,2,84,88.5257908097299
1,34,4,9,45,62.312358570750696
18,49,1,2,20,37.50853127083848
17,40,1,13,43,84.05134922407433
2,39,3,9,10,44.9232005486369
16,31,5,2,67,80.90444450786387
7,32,5,4,0,64.99417648355679
9,52,9,12,91,100.0
1,52,10,4,62,65.69260957359812
18,41,2,3,23,58.79116717608119
8,49,2,0,98,44.090472812855616
6,34,6,4,12,59.88421883972493
3,34,9,9,97,100.0
17,35,1,4,10,61.95534851138055
12,59,9,3,99,86.2487480366029
10,38,9,5,50,89.41123327477366
3,31,9,9,16,87.1105376563381
3,50,5,3,98,44.29109473019974
9,41,9,13,81,100.0
4,32,4,6,85,77.92236219090194
8,49,2,6,23,39.388993028439785
2,55,6,1,18,35.25719575563528
16,51,4,2,36,53.69068302817172
2,41,6,0,84,53.422052357167644
15,53,3,7,7,54.45085950861361
3,46,6,8,27,61.389027258752364
17,39,2,3,4,56.25880721266773
16,59,2,5,16,39.07507313311675
6,53,9,8,35,80.46249269042677
4,56,7,5,18,49.17976208841951
11,43,3,13,63,90.73847296750739
16,52,1,11,90,77.60113592749673
12,46,8,11,97,100.0
2,47,6,11,10,70.5469303327885
8,48,7,8,53,76.28721883216286
16,46,9,14,44,100.0
16,43,5,3,46,75.37690679411135
19,38,1,7,11,69.9871085810881
15,37,10,8,20,100.0
12,31,7,3,10,84.3668896115825
18,42,5,4,91,88.07583248476377
16,54,3,13,4,80.92733670977823
3,36,9,7,80,90.66548222919367
11,38,1,11,55,74.68374524440394
8,51,1,9,19,38.86160908197884
18,51,1,13,40,73.63263238674605
11,40,3,5,45,66.22095544395432
8,43,6,11,11,93.80948448713022
6,33,10,6,69,98.99120055839842
13,55,3,2,16,41.2766078733904
19,55,8,6,18,82.97044343649902
18,58,10,11,25,100.0
14,42,2,13,47,93.18791886115837
15,31,9,7,51,100.0
4,52,3,9,95,50.30920465688439
2,34,5,5,69,63.36400675618425
11,40,10,14,54,100.0
19,35,8,9,99,100.0
3,47,2,8,74,49.60339587846498
15,50,6,12,32,92.5706599075579
6,39,5,5,61,69.1327001349196
12,33,10,11,87,100.0
9,38,9,8,22,89.6459734745613
6,35,5,12,14,80.33193795358275
13,31,2,3,26,62.72267399551255
4,46,5,7,74,70.24882570034283
2,34,4,10,63,68.17450145916429
10,54,7,3,80,73.28539312768284
10,35,6,1,50,65.73719165399318
17,55,2,9,52,65.75045108509657
14,41,5,10,77,100.0
11,52,7,8,90,85.98381960346613
8,50,7,4,81,74.7505880333316
9,39,5,3,91,69.17697927443429
11,51,9,1,50,67.05232504359833
16,50,4,0,46,56.459899771046665
5,56,3,10,3,35.78437805866171
6,54,4,6,6,38.444645476583304
13,35,5,5,34,69.49758666153087
12,56,6,14,47,98.49819676030596
7,37,3,14,72,94.43275968118388
9,31,2,1,71,67.95053599790378
8,41,4,7,44,71.49181865723193
17,42,5,10,80,97.3517488519976
1,54,4,3,80,36.34324930080296
4,50,3,7,96,48.60995618889098
4,36,8,14,95,100.0
5,39,10,6,71,87.69429856011214
18,42,4,4,18,63.85422557880101
7,46,2,9,62,49.35094273151657
15,55,2,9,37,56.958100893685
12,50,1,11,66,61.752610876082144
0,57,4,7,58,29.291754470803674
19,59,10,13,68,100.0
16,55,9,8,12,91.04940348193323
6,43,7,4,46,67.26117269928356
12,31,10,9,60,100.0
3,57,7,4,30,43.281288960214674
3,51,7,1,79,45.0565989924743
5,40,8,4,95,72.49895128741171
18,30,1,2,21,57.17471303828299
11,48,10,6,92,100.0
6,50,10,9,85,89.7233194215692
9,33,8,4,42,87.16563618998939
18,48,4,7,66,87.36962571542779
6,55,4,0,53,29.02672420221626
2,58,4,2,9,15.794916643952917
12,50,6,2,41,61.47801956436713
12,40,7,8,63,97.49640435911324
17,37,6,4,20,91.04537086236641
19,40,1,11,79,86.59854135886195
7,33,8,8,75,100.0
8,46,10,12,65,99.90879783001427
6,56,7,8,40,52.63126906406731
0,36,6,0,23,38.19164484574008
2,37,6,1,34,49.51689784472378
12,32,5,4,55,88.15333888618783
16,51,6,3,29,77.8989586650523
0,31,9,14,56,100.0
5,52,10,9,93,97.23582872199013
5,44,9,8,46,84.99982427886908
11,53,10,6,34,76.14385968408311
12,51,8,5,18,70.869816971291
12,51,10,6,7,88.85188375629113
14,34,9,0,25,88.4914092801402
15,53,10,0,70,74.56832926658525
10,30,8,7,29,99.8701282362924
4,55,8,12,6,72.84196405933861
3,33,1,12,66,68.94945060057368
2,44,10,1,64,65.66072222311332
18,49,5,11,35,95.32791983472097
19,48,4,9,24,85.28656519456199
17,32,2,10,36,85.99270617284297
14,49,8,8,0,85.27507030691048
8,40,3,6,14,50.853024296263925
16,46,4,5,36,60.763830661268784
13,59,7,0,12,41.59196482480918
14,56,10,0,7,55.58155157327288
0,42,9,1,4,51.700467675350524
2,40,2,5,59,42.579446887771596
15,31,3,13,72,100.0
10,38,4,5,0,64.10260671644325
11,55,10,1,35,67.33995453790584
9,31,1,0,34,31.643886220165626
15,50,7,9,65,92.80260729908095
7,38,2,4,62,58.564270936366455
5,38,5,4,22,50.05262187455428
11,37,1,1,8,35.97610644378915
7,46,3,5,33,48.31938312257319
3,30,2,8,45,61.94974242277471
7,54,1,1,77,35.6472989947905
17,58,7,9,3,72.71848371538366
4,40,5,1,29,36.417684597335985
8,37,1,2,94,43.00122776448933
3,39,6,12,74,86.32040789491558
16,54,5,6,98,86.09688694091226
8,36,3,5,71,59.041327101017444
0,32,7,11,2,81.9668025297197
19,32,10,7,13,100.0
12,47,9,14,59,100.0
15,34,9,7,76,100.0
12,41,9,5,44,84.16214753095336
13,41,2,11,95,83.67073295883038
2,48,3,10,33,46.7542441212834
5,59,7,9,44,68.53031488365225
17,35,5,2,60,85.99544106094119
18,31,2,2,82,73.20529373959849
4,41,3,14,15,69.04332641686084
14,48,10,0,65,91.2577313459612
1,34,6,6,39,73.16958710515017
9,41,7,4,16,65.62796994223201
17,56,9,3,33,83.391442148525
12,56,1,9,15,49.94977683443912
4,46,7,14,59,83.26464038410806
0,58,8,3,65,41.437964564201515
0,46,3,13,65,72.10009367211632
17,39,4,3,89,80.29481944939548
14,54,10,5,12,66.75524317649452
16,52,6,14,55,100.0
10,46,10,7,30,96.62312749557931
16,44,7,7,33,90.63255218400448
12,41,4,4,38,66.17681973400317
0,59,8,14,66,80.89110998827866
1,45,5,5,7,36.62531274283859
8,53,1,3,86,31.603035067928122
2,48,4,11,77,65.16720487977136
0,37,3,13,54,68.6888946146494
15,50,9,10,26,100.0
5,46,8,12,92,98.87578261341233
16,52,1,8,52,55.65726932689632
4,34,6,7,38,76.35143455040473
4,51,9,9,64,84.79615973556483
5,45,7,11,16,69.51995816682272
2,35,4,9,29,59.85418841457016
4,37,1,0,52,26.865399362697232
4,54,2,14,12,45.72843498861913
9,47,5,1,20,46.186859887938965
9,54,5,8,18,56.265587307714306
18,41,8,7,52,100.0
16,44,6,13,18,98.59645346258463
13,56,8,2,56,57.23390588294693
8,55,2,7,24,26.548258392187748
13,38,3,11,85,95.94804773346014
0,42,6,0,30,35.33456038244697
18,55,10,9,80,100.0
12,44,3,3,54,55.47236421031456
12,39,6,2,22,66.47283701686757
3,45,6,5,31,57.04511686809394
0,36,2,6,61,46.423096862007064
16,46,7,3,73,89.80454675153055
7,52,2,6,9,32.657309206132986
1,55,6,8,99,59.29809129740114
7,50,1,10,71,54.17101431078123
6,51,3,1,53,25.419110592563516
1,55,2,10,51,35.30076535544046
2,36,7,2,19,53.68785654320018
17,43,4,4,31,70.02159165950506
11,44,8,2,13,66.06790559998505
0,50,6,10,49,52.85907644912896
11,36,10,7,27,100.0
4,38,4,11,52,77.57114203299776
16,48,5,9,23,88.81845247626119
15,45,9,7,78,100.0
14,37,7,7,21,91.20730917095742
14,47,10,11,29,100.0
4,56,9,11,62,89.86008934680528
13,52,7,8,3,74.8391648843701
1,58,1,3,76,14.166865869127285
10,47,8,4,58,75.32971900910573
18,59,4,4,86,64.61015216782569
6,49,3,7,7,43.84133367025423
5,36,7,6,81,78.09279688670705
1,32,3,8,11,59.327159295793905
5,47,8,14,30,98.03763228769186
17,56,6,14,77,100.0
1,39,5,13,33,69.28067717063479
17,36,4,7,81,85.12397005822294
14,46,8,1,97,78.14293063757887
18,43,8,9,74,100.0
1,53,1,11,75,43.57670929450327
19,32,9,3,48,100.0
5,41,5,5,78,55.37210182337918
0,57,4,11,56,45.22092189948668
14,42,6,1,94,84.63636403141041
9,31,6,6,92,92.91986297340324
18,32,2,2,25,58.638526326880076
16,34,8,12,17,100.0
4,40,7,2,95,64.14491290817375
3,37,1,10,85,62.66839529972699
9,55,5,1,37,38.502726894438574
16,52,6,10,80,98.71648332041146
9,52,4,7,86,58.11038186617444
16,41,2,5,87,71.15641715667451
19,36,4,0,49,77.25217170699554
4,44,1,11,7,36.62859972782259
1,53,7,0,40,26.98443991980011
5,46,2,6,5,33.99648654996032
1,33,2,7,68,55.03364919541896
12,58,9,4,43,69.15575078628615
10,51,5,11,63,78.20783558680574
10,54,2,10,28,54.266127807778204
15,42,9,4,27,94.64817500879934
10,47,9,3,10,63.6538916735512
18,30,1,13,64,100.0
14,45,3,5,18,64.16008000002861
15,42,4,13,8,88.02053969319434
10,39,7,5,26,70.80080423105741
15,41,10,2,33,85.9695404558639
7,59,4,8,43,46.79631279344068
3,31,2,11,67,76.5792365243381
7,52,7,10,99,86.59622075076689
3,32,6,13,81,100.0
2,39,3,6,14,35.81829158913098
2,31,6,0,50,57.915588164882735
17,59,6,14,12,83.67170714417323
18,56,5,12,82,94.87751757864184
18,52,4,6,48,74.74957431023147
4,42,10,4,69,71.60284250840034
17,42,1,4,55,60.86980574842854
9,47,10,13,75,100.0
5,32,6,12,50,94.08274699454557
0,56,2,1,36,2.4397219614403167
4,36,3,3,16,49.72917412674244
8,43,8,11,57,95.43439405400048
11,49,10,5,86,100.0
13,58,6,9,89,85.73476145591687
1,59,3,14,28,41.59270514635135
16,46,7,10,32,99.0540546262988
13,58,4,6,59,56.277951268310936
12,59,9,10,90,99.21078745370617
8,50,5,4,88,57.03054506283366
14,41,3,8,54,85.25088816672978
14,54,2,2,9,36.42699045398362
10,45,2,0,46,34.35890784080796
15,53,3,3,22,54.04557384034767
16,41,2,8,84,82.17139622041424
3,44,4,3,20,40.48812482430582
0,54,2,1,12,1.5915029376121224
7,39,10,9,32,100.0
16,59,9,13,23,100.0
2,54,2,13,10,41.476506769369685
19,36,9,4,16,100.0
14,49,6,2,67,65.05134083755804
14,34,1,12,46,82.19465666538457
13,30,4,11,24,92.71622491756914
13,59,1,12,93,67.74855508401147
1,46,6,8,72,64.24710490248268
12,32,4,3,20,70.86516266912854
13,42,3,5,83,74.8355915948982
18,43,3,1,82,66.41836221987315
6,53,9,5,82,82.3089194872597
2,59,6,2,11,32.565103117877285
14,47,9,11,36,95.98086852538941
13,33,5,11,41,100.0
10,47,2,8,16,46.73507901334251
14,59,8,10,47,92.4037401066165
12,34,5,1,27,69.59118970323216
17,54,2,14,40,75.61503702744724
5,45,4,11,98,68.33836450492119
2,30,9,11,46,100.0
18,50,4,8,17,74.07701241241806
14,43,4,4,77,64.05780623048686
4,44,2,7,98,67.24782252731411
9,38,6,1,70,70.12209706128276
6,44,2,5,12,38.75050020062576
16,46,7,2,81,90.02908876281025
6,54,3,11,12,45.49588023576749
11,53,3,11,99,77.45227056044338
16,33,5,13,30,100.0
12,41,3,9,1,62.16025776357408
19,56,2,4,15,48.92830000234619
3,55,10,11,8,67.27357666433774
9,34,9,7,72,100.0
2,58,2,9,37,25.760330200311394
8,34,2,13,74,86.51046122810172
12,40,8,0,53,77.47350630832673
17,57,9,4,55,88.71076402188228
14,35,7,2,85,95.99408322389075
3,36,3,3,96,60.060584232861856
14,53,9,1,99,85.83622726841703
1,43,3,8,86,64.63667949447208
14,53,5,2,44,55.39751260632341
7,40,9,14,33,100.0
7,59,3,1,8,17.636536816800202
16,42,7,9,87,100.0
11,31,1,10,7,76.66282364387526
18,54,4,8,6,72.85491736567606
9,36,4,6,35,70.75139072099758
8,49,7,5,17,61.05709672020676
4,33,8,0,2,53.362614142925686
5,56,1,4,27,19.906625022838796
19,37,5,11,69,100.0
1,49,7,10,43,74.2718176672051
12,58,4,13,20,68.11181647307313
5,51,4,14,27,67.92553366620365
4,50,4,10,53,54.05199461903355
0,48,6,2,53,42.21493131559611
5,42,7,0,64,53.531291935808355
5,43,2,3,99,49.04614395152549
15,39,5,12,20,99.78696734488695
3,40,4,1,98,45.3618394320573
10,31,3,1,12,43.782354395430026
8,54,7,2,56,61.85949958272273
2,55,6,7,48,48.63850482985458
18,38,7,7,53,100.0
7,46,5,11,9,70.2273226232337
4,55,6,14,52,69.1314993505089
3,32,5,6,43,67.91333068409944
5,53,7,5,46,56.69563268077319
1,35,2,8,52,48.182346511478045
